task,accuracy
NR-AR,0.9659166115155526
NR-AR-LBD,0.9692362093352193
NR-AhR,0.9235294117647059
NR-Aromatase,0.945424013434089
NR-ER,0.8737294761532447
NR-ER-LBD,0.9544198895027625
NR-PPAR-gamma,0.9739583333333334
SR-ARE,0.8681364392678869
SR-ATAD5,0.9644565960355435
SR-HSE,0.9360119047619048
SR-MMP,0.8923465096719932
SR-p53,0.9308771929824562
